<?xml version="1.0" encoding="UTF-8"?>
<!DOCTYPE hibernate-configuration PUBLIC "-//Hibernate/Hibernate Configuration DTD 3.0//EN" "http://hibernate.sourceforge.net/hibernate-configuration-3.0.dtd">
<hibernate-configuration>
  <session-factory>
    <property name="hibernate.dialect">org.hibernate.dialect.MySQLDialect</property>
    <property name="hibernate.connection.driver_class">com.mysql.jdbc.Driver</property>
    <property name="hibernate.connection.url">jdbc:mysql://localhost:3306/envanterdb?zeroDateTimeBehavior=convertToNull</property>
    <property name="hibernate.connection.username">root</property>
    <property name="hibernate.hbm2ddl.auto">update</property>
    <mapping class="envanterotomasyon.Admin"/>
    <mapping class="envanterotomasyon.Demirbaslar"/>
    <mapping class="envanterotomasyon.Firmalar"/>
    <mapping class="envanterotomasyon.Ids"/>
    <mapping class="envanterotomasyon.Ilceler"/>
    <mapping class="envanterotomasyon.Kategoriler"/>
    <mapping class="envanterotomasyon.Personeller"/>
    <mapping class="envanterotomasyon.Sehirler"/>
    <mapping class="envanterotomasyon.Subeler"/>
    <mapping class="envanterotomasyon.Teklifler"/>
    <mapping class="envanterotomasyon.Tekliflistesi"/>
    <mapping class="envanterotomasyon.Urunler"/>
    <mapping class="envanterotomasyon.Zimmetler"/>
  </session-factory>
</hibernate-configuration>
